<annotation>
	<folder>Squirrel</folder>
	<filename>103.png</filename>
	<path>D:\MyStuffs\MyScripts\AI\Yolo_SSD\DataSet\Squirrel\103.png</path>
	<source>
		<database>Unknown</database>
	</source>
	<size>
		<width>992</width>
		<height>561</height>
		<depth>3</depth>
	</size>
	<segmented>0</segmented>
	<object>
		<name>squirrel</name>
		<pose>Unspecified</pose>
		<truncated>0</truncated>
		<difficult>0</difficult>
		<bndbox>
			<xmin>166</xmin>
			<ymin>2</ymin>
			<xmax>709</xmax>
			<ymax>488</ymax>
		</bndbox>
	</object>
</annotation>
