<annotation>
	<folder>Squirrel</folder>
	<filename>104.jpg</filename>
	<path>D:\MyStuffs\MyScripts\AI\Yolo_SSD\DataSet\Squirrel\104.jpg</path>
	<source>
		<database>Unknown</database>
	</source>
	<size>
		<width>1019</width>
		<height>768</height>
		<depth>3</depth>
	</size>
	<segmented>0</segmented>
	<object>
		<name>squirrel</name>
		<pose>Unspecified</pose>
		<truncated>0</truncated>
		<difficult>0</difficult>
		<bndbox>
			<xmin>395</xmin>
			<ymin>242</ymin>
			<xmax>681</xmax>
			<ymax>419</ymax>
		</bndbox>
	</object>
</annotation>
