<annotation>
	<folder>Squirrel</folder>
	<filename>105.jpg</filename>
	<path>D:\MyStuffs\MyScripts\AI\Yolo_SSD\DataSet\Squirrel\105.jpg</path>
	<source>
		<database>Unknown</database>
	</source>
	<size>
		<width>3519</width>
		<height>2346</height>
		<depth>3</depth>
	</size>
	<segmented>0</segmented>
	<object>
		<name>squirrel</name>
		<pose>Unspecified</pose>
		<truncated>0</truncated>
		<difficult>0</difficult>
		<bndbox>
			<xmin>322</xmin>
			<ymin>239</ymin>
			<xmax>2675</xmax>
			<ymax>2118</ymax>
		</bndbox>
	</object>
</annotation>
