<annotation>
	<folder>Squirrel</folder>
	<filename>108.png</filename>
	<path>D:\MyStuffs\MyScripts\AI\Yolo_SSD\DataSet\Squirrel\108.png</path>
	<source>
		<database>Unknown</database>
	</source>
	<size>
		<width>627</width>
		<height>524</height>
		<depth>3</depth>
	</size>
	<segmented>0</segmented>
	<object>
		<name>squirrel</name>
		<pose>Unspecified</pose>
		<truncated>0</truncated>
		<difficult>0</difficult>
		<bndbox>
			<xmin>46</xmin>
			<ymin>45</ymin>
			<xmax>286</xmax>
			<ymax>374</ymax>
		</bndbox>
	</object>
	<object>
		<name>squirrel</name>
		<pose>Unspecified</pose>
		<truncated>0</truncated>
		<difficult>0</difficult>
		<bndbox>
			<xmin>356</xmin>
			<ymin>58</ymin>
			<xmax>614</xmax>
			<ymax>384</ymax>
		</bndbox>
	</object>
</annotation>
