<annotation>
	<folder>Squirrel</folder>
	<filename>109.jpg</filename>
	<path>D:\MyStuffs\MyScripts\AI\Yolo_SSD\DataSet\Squirrel\109.jpg</path>
	<source>
		<database>Unknown</database>
	</source>
	<size>
		<width>2381</width>
		<height>2796</height>
		<depth>3</depth>
	</size>
	<segmented>0</segmented>
	<object>
		<name>squirrel</name>
		<pose>Unspecified</pose>
		<truncated>0</truncated>
		<difficult>0</difficult>
		<bndbox>
			<xmin>718</xmin>
			<ymin>544</ymin>
			<xmax>2002</xmax>
			<ymax>2416</ymax>
		</bndbox>
	</object>
</annotation>
