<annotation>
	<folder>Squirrel</folder>
	<filename>112.jpg</filename>
	<path>D:\MyStuffs\MyScripts\AI\Yolo_SSD\DataSet\Squirrel\112.jpg</path>
	<source>
		<database>Unknown</database>
	</source>
	<size>
		<width>1185</width>
		<height>885</height>
		<depth>3</depth>
	</size>
	<segmented>0</segmented>
	<object>
		<name>squirrel</name>
		<pose>Unspecified</pose>
		<truncated>0</truncated>
		<difficult>0</difficult>
		<bndbox>
			<xmin>226</xmin>
			<ymin>138</ymin>
			<xmax>712</xmax>
			<ymax>657</ymax>
		</bndbox>
	</object>
</annotation>
