<annotation>
	<folder>Squirrel</folder>
	<filename>114.jpg</filename>
	<path>D:\MyStuffs\MyScripts\AI\Yolo_SSD\DataSet\Squirrel\114.jpg</path>
	<source>
		<database>Unknown</database>
	</source>
	<size>
		<width>1082</width>
		<height>720</height>
		<depth>3</depth>
	</size>
	<segmented>0</segmented>
	<object>
		<name>squirrel</name>
		<pose>Unspecified</pose>
		<truncated>0</truncated>
		<difficult>0</difficult>
		<bndbox>
			<xmin>212</xmin>
			<ymin>79</ymin>
			<xmax>820</xmax>
			<ymax>631</ymax>
		</bndbox>
	</object>
</annotation>
