<annotation>
	<folder>Squirrel</folder>
	<filename>123.jpg</filename>
	<path>D:\MyStuffs\MyScripts\AI\Yolo_SSD\DataSet\Squirrel\123.jpg</path>
	<source>
		<database>Unknown</database>
	</source>
	<size>
		<width>2800</width>
		<height>1855</height>
		<depth>3</depth>
	</size>
	<segmented>0</segmented>
	<object>
		<name>squirrel</name>
		<pose>Unspecified</pose>
		<truncated>0</truncated>
		<difficult>0</difficult>
		<bndbox>
			<xmin>554</xmin>
			<ymin>283</ymin>
			<xmax>1575</xmax>
			<ymax>1521</ymax>
		</bndbox>
	</object>
</annotation>
