<annotation>
	<folder>Squirrel</folder>
	<filename>124.jpg</filename>
	<path>D:\MyStuffs\MyScripts\AI\Yolo_SSD\DataSet\Squirrel\124.jpg</path>
	<source>
		<database>Unknown</database>
	</source>
	<size>
		<width>877</width>
		<height>500</height>
		<depth>3</depth>
	</size>
	<segmented>0</segmented>
	<object>
		<name>squirrel</name>
		<pose>Unspecified</pose>
		<truncated>1</truncated>
		<difficult>0</difficult>
		<bndbox>
			<xmin>77</xmin>
			<ymin>1</ymin>
			<xmax>790</xmax>
			<ymax>496</ymax>
		</bndbox>
	</object>
</annotation>
