<annotation>
	<folder>Squirrel</folder>
	<filename>125.jpg</filename>
	<path>D:\MyStuffs\MyScripts\AI\Yolo_SSD\DataSet\Squirrel\125.jpg</path>
	<source>
		<database>Unknown</database>
	</source>
	<size>
		<width>838</width>
		<height>495</height>
		<depth>3</depth>
	</size>
	<segmented>0</segmented>
	<object>
		<name>squirrel</name>
		<pose>Unspecified</pose>
		<truncated>0</truncated>
		<difficult>0</difficult>
		<bndbox>
			<xmin>262</xmin>
			<ymin>119</ymin>
			<xmax>488</xmax>
			<ymax>388</ymax>
		</bndbox>
	</object>
</annotation>
