<annotation>
	<folder>Squirrel</folder>
	<filename>136.jpg</filename>
	<path>D:\MyStuffs\MyScripts\AI\Yolo_SSD\DataSet\Squirrel\136.jpg</path>
	<source>
		<database>Unknown</database>
	</source>
	<size>
		<width>1210</width>
		<height>680</height>
		<depth>3</depth>
	</size>
	<segmented>0</segmented>
	<object>
		<name>squirrel</name>
		<pose>Unspecified</pose>
		<truncated>0</truncated>
		<difficult>0</difficult>
		<bndbox>
			<xmin>435</xmin>
			<ymin>6</ymin>
			<xmax>950</xmax>
			<ymax>674</ymax>
		</bndbox>
	</object>
</annotation>
