<annotation>
	<folder>Squirrel</folder>
	<filename>139.jpeg</filename>
	<path>D:\MyStuffs\MyScripts\AI\Yolo_SSD\DataSet\Squirrel\139.jpeg</path>
	<source>
		<database>Unknown</database>
	</source>
	<size>
		<width>616</width>
		<height>616</height>
		<depth>3</depth>
	</size>
	<segmented>0</segmented>
	<object>
		<name>squirrel</name>
		<pose>Unspecified</pose>
		<truncated>0</truncated>
		<difficult>0</difficult>
		<bndbox>
			<xmin>78</xmin>
			<ymin>59</ymin>
			<xmax>430</xmax>
			<ymax>611</ymax>
		</bndbox>
	</object>
</annotation>
