<annotation>
	<folder>Squirrel</folder>
	<filename>142.jpg</filename>
	<path>D:\MyStuffs\MyScripts\AI\Yolo_SSD\DataSet\Squirrel\142.jpg</path>
	<source>
		<database>Unknown</database>
	</source>
	<size>
		<width>877</width>
		<height>500</height>
		<depth>3</depth>
	</size>
	<segmented>0</segmented>
	<object>
		<name>squirrel</name>
		<pose>Unspecified</pose>
		<truncated>0</truncated>
		<difficult>0</difficult>
		<bndbox>
			<xmin>213</xmin>
			<ymin>97</ymin>
			<xmax>859</xmax>
			<ymax>422</ymax>
		</bndbox>
	</object>
</annotation>
