<annotation>
	<folder>Squirrel</folder>
	<filename>147.jpg</filename>
	<path>D:\MyStuffs\MyScripts\AI\Yolo_SSD\DataSet\Squirrel\147.jpg</path>
	<source>
		<database>Unknown</database>
	</source>
	<size>
		<width>1265</width>
		<height>829</height>
		<depth>3</depth>
	</size>
	<segmented>0</segmented>
	<object>
		<name>squirrel</name>
		<pose>Unspecified</pose>
		<truncated>0</truncated>
		<difficult>0</difficult>
		<bndbox>
			<xmin>221</xmin>
			<ymin>125</ymin>
			<xmax>1097</xmax>
			<ymax>825</ymax>
		</bndbox>
	</object>
</annotation>
