<annotation>
	<folder>Squirrel</folder>
	<filename>150.jpg</filename>
	<path>D:\MyStuffs\MyScripts\AI\Yolo_SSD\DataSet\Squirrel\150.jpg</path>
	<source>
		<database>Unknown</database>
	</source>
	<size>
		<width>2540</width>
		<height>1908</height>
		<depth>3</depth>
	</size>
	<segmented>0</segmented>
	<object>
		<name>squirrel</name>
		<pose>Unspecified</pose>
		<truncated>0</truncated>
		<difficult>0</difficult>
		<bndbox>
			<xmin>381</xmin>
			<ymin>206</ymin>
			<xmax>1466</xmax>
			<ymax>1606</ymax>
		</bndbox>
	</object>
</annotation>
