<annotation>
	<folder>Squirrel</folder>
	<filename>152.jpg</filename>
	<path>D:\MyStuffs\MyScripts\AI\Yolo_SSD\DataSet\Squirrel\152.jpg</path>
	<source>
		<database>Unknown</database>
	</source>
	<size>
		<width>848</width>
		<height>424</height>
		<depth>3</depth>
	</size>
	<segmented>0</segmented>
	<object>
		<name>squirrel</name>
		<pose>Unspecified</pose>
		<truncated>0</truncated>
		<difficult>0</difficult>
		<bndbox>
			<xmin>342</xmin>
			<ymin>16</ymin>
			<xmax>776</xmax>
			<ymax>253</ymax>
		</bndbox>
	</object>
</annotation>
