<annotation>
	<folder>Squirrel</folder>
	<filename>156.png</filename>
	<path>D:\MyStuffs\MyScripts\AI\Yolo_SSD\DataSet\Squirrel\156.png</path>
	<source>
		<database>Unknown</database>
	</source>
	<size>
		<width>265</width>
		<height>258</height>
		<depth>3</depth>
	</size>
	<segmented>0</segmented>
	<object>
		<name>squirrel</name>
		<pose>Unspecified</pose>
		<truncated>1</truncated>
		<difficult>0</difficult>
		<bndbox>
			<xmin>10</xmin>
			<ymin>13</ymin>
			<xmax>265</xmax>
			<ymax>256</ymax>
		</bndbox>
	</object>
</annotation>
