<annotation>
	<folder>Squirrel</folder>
	<filename>165.jpg</filename>
	<path>D:\MyStuffs\MyScripts\AI\Yolo_SSD\DataSet\Squirrel\165.jpg</path>
	<source>
		<database>Unknown</database>
	</source>
	<size>
		<width>901</width>
		<height>675</height>
		<depth>3</depth>
	</size>
	<segmented>0</segmented>
	<object>
		<name>squirrel</name>
		<pose>Unspecified</pose>
		<truncated>0</truncated>
		<difficult>0</difficult>
		<bndbox>
			<xmin>371</xmin>
			<ymin>31</ymin>
			<xmax>754</xmax>
			<ymax>566</ymax>
		</bndbox>
	</object>
	<object>
		<name>squirrel</name>
		<pose>Unspecified</pose>
		<truncated>0</truncated>
		<difficult>0</difficult>
		<bndbox>
			<xmin>148</xmin>
			<ymin>407</ymin>
			<xmax>439</xmax>
			<ymax>640</ymax>
		</bndbox>
	</object>
	<object>
		<name>squirrel</name>
		<pose>Unspecified</pose>
		<truncated>0</truncated>
		<difficult>0</difficult>
		<bndbox>
			<xmin>444</xmin>
			<ymin>403</ymin>
			<xmax>562</xmax>
			<ymax>591</ymax>
		</bndbox>
	</object>
</annotation>
