<annotation>
	<folder>Squirrel</folder>
	<filename>176.jpg</filename>
	<path>D:\MyStuffs\MyScripts\AI\Yolo_SSD\DataSet\Squirrel\176.jpg</path>
	<source>
		<database>Unknown</database>
	</source>
	<size>
		<width>875</width>
		<height>573</height>
		<depth>3</depth>
	</size>
	<segmented>0</segmented>
	<object>
		<name>squirrel</name>
		<pose>Unspecified</pose>
		<truncated>0</truncated>
		<difficult>0</difficult>
		<bndbox>
			<xmin>208</xmin>
			<ymin>69</ymin>
			<xmax>723</xmax>
			<ymax>541</ymax>
		</bndbox>
	</object>
</annotation>
