<annotation>
	<folder>Squirrel</folder>
	<filename>178.jpg</filename>
	<path>D:\MyStuffs\MyScripts\AI\Yolo_SSD\DataSet\Squirrel\178.jpg</path>
	<source>
		<database>Unknown</database>
	</source>
	<size>
		<width>4288</width>
		<height>2848</height>
		<depth>3</depth>
	</size>
	<segmented>0</segmented>
	<object>
		<name>squirrel</name>
		<pose>Unspecified</pose>
		<truncated>0</truncated>
		<difficult>0</difficult>
		<bndbox>
			<xmin>523</xmin>
			<ymin>320</ymin>
			<xmax>2323</xmax>
			<ymax>2521</ymax>
		</bndbox>
	</object>
</annotation>
