<annotation>
	<folder>Squirrel</folder>
	<filename>183.jpg</filename>
	<path>D:\MyStuffs\MyScripts\AI\Yolo_SSD\DataSet\Squirrel\183.jpg</path>
	<source>
		<database>Unknown</database>
	</source>
	<size>
		<width>994</width>
		<height>559</height>
		<depth>3</depth>
	</size>
	<segmented>0</segmented>
	<object>
		<name>squirrel</name>
		<pose>Unspecified</pose>
		<truncated>0</truncated>
		<difficult>0</difficult>
		<bndbox>
			<xmin>446</xmin>
			<ymin>49</ymin>
			<xmax>745</xmax>
			<ymax>418</ymax>
		</bndbox>
	</object>
</annotation>
