<annotation>
	<folder>Squirrel</folder>
	<filename>187.jpeg</filename>
	<path>D:\MyStuffs\MyScripts\AI\Yolo_SSD\DataSet\Squirrel\187.jpeg</path>
	<source>
		<database>Unknown</database>
	</source>
	<size>
		<width>3216</width>
		<height>2136</height>
		<depth>3</depth>
	</size>
	<segmented>0</segmented>
	<object>
		<name>squirrel</name>
		<pose>Unspecified</pose>
		<truncated>0</truncated>
		<difficult>0</difficult>
		<bndbox>
			<xmin>432</xmin>
			<ymin>636</ymin>
			<xmax>2213</xmax>
			<ymax>1784</ymax>
		</bndbox>
	</object>
</annotation>
