<annotation>
	<folder>Squirrel</folder>
	<filename>194.jpg</filename>
	<path>D:\MyStuffs\MyScripts\AI\Yolo_SSD\DataSet\Squirrel\194.jpg</path>
	<source>
		<database>Unknown</database>
	</source>
	<size>
		<width>1236</width>
		<height>695</height>
		<depth>3</depth>
	</size>
	<segmented>0</segmented>
	<object>
		<name>squirrel</name>
		<pose>Unspecified</pose>
		<truncated>0</truncated>
		<difficult>0</difficult>
		<bndbox>
			<xmin>414</xmin>
			<ymin>42</ymin>
			<xmax>936</xmax>
			<ymax>653</ymax>
		</bndbox>
	</object>
</annotation>
