<annotation>
	<folder>Squirrel</folder>
	<filename>195.jpg</filename>
	<path>D:\MyStuffs\MyScripts\AI\Yolo_SSD\DataSet\Squirrel\195.jpg</path>
	<source>
		<database>Unknown</database>
	</source>
	<size>
		<width>1074</width>
		<height>806</height>
		<depth>3</depth>
	</size>
	<segmented>0</segmented>
	<object>
		<name>squirrel</name>
		<pose>Unspecified</pose>
		<truncated>0</truncated>
		<difficult>0</difficult>
		<bndbox>
			<xmin>173</xmin>
			<ymin>70</ymin>
			<xmax>1073</xmax>
			<ymax>744</ymax>
		</bndbox>
	</object>
</annotation>
