<annotation>
	<folder>Squirrel</folder>
	<filename>203.jpg</filename>
	<path>D:\MyStuffs\MyScripts\AI\Yolo_SSD\DataSet\Squirrel\203.jpg</path>
	<source>
		<database>Unknown</database>
	</source>
	<size>
		<width>4457</width>
		<height>2507</height>
		<depth>3</depth>
	</size>
	<segmented>0</segmented>
	<object>
		<name>squirrel</name>
		<pose>Unspecified</pose>
		<truncated>0</truncated>
		<difficult>0</difficult>
		<bndbox>
			<xmin>748</xmin>
			<ymin>176</ymin>
			<xmax>3202</xmax>
			<ymax>2256</ymax>
		</bndbox>
	</object>
</annotation>
