<annotation>
	<folder>Squirrel</folder>
	<filename>240.jpeg</filename>
	<path>D:\MyStuffs\MyScripts\AI\Yolo_SSD\DataSet\Squirrel\240.jpeg</path>
	<source>
		<database>Unknown</database>
	</source>
	<size>
		<width>957</width>
		<height>1280</height>
		<depth>3</depth>
	</size>
	<segmented>0</segmented>
	<object>
		<name>squirrel</name>
		<pose>Unspecified</pose>
		<truncated>1</truncated>
		<difficult>0</difficult>
		<bndbox>
			<xmin>135</xmin>
			<ymin>1</ymin>
			<xmax>856</xmax>
			<ymax>1269</ymax>
		</bndbox>
	</object>
</annotation>
