<annotation>
	<folder>Squirrel</folder>
	<filename>245.png</filename>
	<path>D:\MyStuffs\MyScripts\AI\Yolo_SSD\DataSet\Squirrel\245.png</path>
	<source>
		<database>Unknown</database>
	</source>
	<size>
		<width>759</width>
		<height>419</height>
		<depth>3</depth>
	</size>
	<segmented>0</segmented>
	<object>
		<name>squirrel</name>
		<pose>Unspecified</pose>
		<truncated>0</truncated>
		<difficult>0</difficult>
		<bndbox>
			<xmin>14</xmin>
			<ymin>25</ymin>
			<xmax>723</xmax>
			<ymax>389</ymax>
		</bndbox>
	</object>
</annotation>
