<annotation>
	<folder>Squirrel</folder>
	<filename>247.jpg</filename>
	<path>D:\MyStuffs\MyScripts\AI\Yolo_SSD\DataSet\Squirrel\247.jpg</path>
	<source>
		<database>Unknown</database>
	</source>
	<size>
		<width>630</width>
		<height>350</height>
		<depth>3</depth>
	</size>
	<segmented>0</segmented>
	<object>
		<name>squirrel</name>
		<pose>Unspecified</pose>
		<truncated>0</truncated>
		<difficult>0</difficult>
		<bndbox>
			<xmin>220</xmin>
			<ymin>82</ymin>
			<xmax>476</xmax>
			<ymax>288</ymax>
		</bndbox>
	</object>
</annotation>
