<annotation>
	<folder>Squirrel</folder>
	<filename>250.jpg</filename>
	<path>D:\MyStuffs\MyScripts\AI\Yolo_SSD\DataSet\Squirrel\250.jpg</path>
	<source>
		<database>Unknown</database>
	</source>
	<size>
		<width>1360</width>
		<height>680</height>
		<depth>3</depth>
	</size>
	<segmented>0</segmented>
	<object>
		<name>squirrel</name>
		<pose>Unspecified</pose>
		<truncated>0</truncated>
		<difficult>0</difficult>
		<bndbox>
			<xmin>328</xmin>
			<ymin>13</ymin>
			<xmax>1134</xmax>
			<ymax>679</ymax>
		</bndbox>
	</object>
</annotation>
