<annotation>
	<folder>Squirrel</folder>
	<filename>251.jpg</filename>
	<path>D:\MyStuffs\MyScripts\AI\Yolo_SSD\DataSet\Squirrel\251.jpg</path>
	<source>
		<database>Unknown</database>
	</source>
	<size>
		<width>665</width>
		<height>350</height>
		<depth>3</depth>
	</size>
	<segmented>0</segmented>
	<object>
		<name>squirrel</name>
		<pose>Unspecified</pose>
		<truncated>1</truncated>
		<difficult>0</difficult>
		<bndbox>
			<xmin>188</xmin>
			<ymin>42</ymin>
			<xmax>384</xmax>
			<ymax>350</ymax>
		</bndbox>
	</object>
</annotation>
