<annotation>
	<folder>Squirrel</folder>
	<filename>253.jpg</filename>
	<path>D:\MyStuffs\MyScripts\AI\Yolo_SSD\DataSet\Squirrel\253.jpg</path>
	<source>
		<database>Unknown</database>
	</source>
	<size>
		<width>4265</width>
		<height>3199</height>
		<depth>3</depth>
	</size>
	<segmented>0</segmented>
	<object>
		<name>squirrel</name>
		<pose>Unspecified</pose>
		<truncated>1</truncated>
		<difficult>0</difficult>
		<bndbox>
			<xmin>472</xmin>
			<ymin>1</ymin>
			<xmax>3584</xmax>
			<ymax>3029</ymax>
		</bndbox>
	</object>
</annotation>
