<annotation>
	<folder>Squirrel</folder>
	<filename>264.jpg</filename>
	<path>D:\MyStuffs\MyScripts\AI\Yolo_SSD\DataSet\Squirrel\264.jpg</path>
	<source>
		<database>Unknown</database>
	</source>
	<size>
		<width>1284</width>
		<height>960</height>
		<depth>3</depth>
	</size>
	<segmented>0</segmented>
	<object>
		<name>squirrel</name>
		<pose>Unspecified</pose>
		<truncated>0</truncated>
		<difficult>0</difficult>
		<bndbox>
			<xmin>430</xmin>
			<ymin>241</ymin>
			<xmax>832</xmax>
			<ymax>946</ymax>
		</bndbox>
	</object>
</annotation>
