<annotation>
	<folder>Squirrel</folder>
	<filename>269.jpg</filename>
	<path>D:\MyStuffs\MyScripts\AI\Yolo_SSD\DataSet\Squirrel\269.jpg</path>
	<source>
		<database>Unknown</database>
	</source>
	<size>
		<width>1884</width>
		<height>2500</height>
		<depth>3</depth>
	</size>
	<segmented>0</segmented>
	<object>
		<name>squirrel</name>
		<pose>Unspecified</pose>
		<truncated>0</truncated>
		<difficult>0</difficult>
		<bndbox>
			<xmin>442</xmin>
			<ymin>198</ymin>
			<xmax>1645</xmax>
			<ymax>2337</ymax>
		</bndbox>
	</object>
</annotation>
