<annotation>
	<folder>Squirrel</folder>
	<filename>27.jpg</filename>
	<path>D:\MyStuffs\MyScripts\AI\Yolo_SSD\DataSet\Squirrel\27.jpg</path>
	<source>
		<database>Unknown</database>
	</source>
	<size>
		<width>2227</width>
		<height>1484</height>
		<depth>3</depth>
	</size>
	<segmented>0</segmented>
	<object>
		<name>squirrel</name>
		<pose>Unspecified</pose>
		<truncated>0</truncated>
		<difficult>0</difficult>
		<bndbox>
			<xmin>926</xmin>
			<ymin>189</ymin>
			<xmax>1759</xmax>
			<ymax>1370</ymax>
		</bndbox>
	</object>
</annotation>
