<annotation>
	<folder>Squirrel</folder>
	<filename>272.jpg</filename>
	<path>D:\MyStuffs\MyScripts\AI\Yolo_SSD\DataSet\Squirrel\272.jpg</path>
	<source>
		<database>Unknown</database>
	</source>
	<size>
		<width>1060</width>
		<height>795</height>
		<depth>3</depth>
	</size>
	<segmented>0</segmented>
	<object>
		<name>squirrel</name>
		<pose>Unspecified</pose>
		<truncated>1</truncated>
		<difficult>0</difficult>
		<bndbox>
			<xmin>353</xmin>
			<ymin>141</ymin>
			<xmax>1060</xmax>
			<ymax>693</ymax>
		</bndbox>
	</object>
</annotation>
