<annotation>
	<folder>Squirrel</folder>
	<filename>274.jpg</filename>
	<path>D:\MyStuffs\MyScripts\AI\Yolo_SSD\DataSet\Squirrel\274.jpg</path>
	<source>
		<database>Unknown</database>
	</source>
	<size>
		<width>1140</width>
		<height>1520</height>
		<depth>3</depth>
	</size>
	<segmented>0</segmented>
	<object>
		<name>squirrel</name>
		<pose>Unspecified</pose>
		<truncated>0</truncated>
		<difficult>0</difficult>
		<bndbox>
			<xmin>318</xmin>
			<ymin>267</ymin>
			<xmax>812</xmax>
			<ymax>1008</ymax>
		</bndbox>
	</object>
</annotation>
