<annotation>
	<folder>Squirrel</folder>
	<filename>276.jpg</filename>
	<path>D:\MyStuffs\MyScripts\AI\Yolo_SSD\DataSet\Squirrel\276.jpg</path>
	<source>
		<database>Unknown</database>
	</source>
	<size>
		<width>1180</width>
		<height>811</height>
		<depth>3</depth>
	</size>
	<segmented>0</segmented>
	<object>
		<name>squirrel</name>
		<pose>Unspecified</pose>
		<truncated>0</truncated>
		<difficult>0</difficult>
		<bndbox>
			<xmin>77</xmin>
			<ymin>97</ymin>
			<xmax>780</xmax>
			<ymax>765</ymax>
		</bndbox>
	</object>
</annotation>
