<annotation>
	<folder>Squirrel</folder>
	<filename>281.jpg</filename>
	<path>D:\MyStuffs\MyScripts\AI\Yolo_SSD\DataSet\Squirrel\281.jpg</path>
	<source>
		<database>Unknown</database>
	</source>
	<size>
		<width>544</width>
		<height>435</height>
		<depth>3</depth>
	</size>
	<segmented>0</segmented>
	<object>
		<name>squirrel</name>
		<pose>Unspecified</pose>
		<truncated>0</truncated>
		<difficult>0</difficult>
		<bndbox>
			<xmin>45</xmin>
			<ymin>60</ymin>
			<xmax>353</xmax>
			<ymax>399</ymax>
		</bndbox>
	</object>
</annotation>
