<annotation>
	<folder>Squirrel</folder>
	<filename>289.jpg</filename>
	<path>D:\MyStuffs\MyScripts\AI\Yolo_SSD\DataSet\Squirrel\289.jpg</path>
	<source>
		<database>Unknown</database>
	</source>
	<size>
		<width>614</width>
		<height>286</height>
		<depth>3</depth>
	</size>
	<segmented>0</segmented>
	<object>
		<name>squirrel</name>
		<pose>Unspecified</pose>
		<truncated>1</truncated>
		<difficult>0</difficult>
		<bndbox>
			<xmin>1</xmin>
			<ymin>26</ymin>
			<xmax>505</xmax>
			<ymax>279</ymax>
		</bndbox>
	</object>
</annotation>
