<annotation>
	<folder>Squirrel</folder>
	<filename>299.png</filename>
	<path>D:\MyStuffs\MyScripts\AI\Yolo_SSD\DataSet\Squirrel\299.png</path>
	<source>
		<database>Unknown</database>
	</source>
	<size>
		<width>1206</width>
		<height>1038</height>
		<depth>3</depth>
	</size>
	<segmented>0</segmented>
	<object>
		<name>squirrel</name>
		<pose>Unspecified</pose>
		<truncated>0</truncated>
		<difficult>0</difficult>
		<bndbox>
			<xmin>99</xmin>
			<ymin>85</ymin>
			<xmax>998</xmax>
			<ymax>1017</ymax>
		</bndbox>
	</object>
</annotation>
