<annotation>
	<folder>Squirrel</folder>
	<filename>309.jpg</filename>
	<path>D:\MyStuffs\MyScripts\AI\Yolo_SSD\DataSet\Squirrel\309.jpg</path>
	<source>
		<database>Unknown</database>
	</source>
	<size>
		<width>781</width>
		<height>393</height>
		<depth>3</depth>
	</size>
	<segmented>0</segmented>
	<object>
		<name>squirrel</name>
		<pose>Unspecified</pose>
		<truncated>0</truncated>
		<difficult>0</difficult>
		<bndbox>
			<xmin>57</xmin>
			<ymin>53</ymin>
			<xmax>632</xmax>
			<ymax>333</ymax>
		</bndbox>
	</object>
	<object>
		<name>squirrel</name>
		<pose>Unspecified</pose>
		<truncated>0</truncated>
		<difficult>0</difficult>
		<bndbox>
			<xmin>222</xmin>
			<ymin>133</ymin>
			<xmax>730</xmax>
			<ymax>324</ymax>
		</bndbox>
	</object>
</annotation>
