<annotation>
	<folder>Squirrel</folder>
	<filename>310.jpg</filename>
	<path>D:\MyStuffs\MyScripts\AI\Yolo_SSD\DataSet\Squirrel\310.jpg</path>
	<source>
		<database>Unknown</database>
	</source>
	<size>
		<width>2208</width>
		<height>3048</height>
		<depth>3</depth>
	</size>
	<segmented>0</segmented>
	<object>
		<name>squirrel</name>
		<pose>Unspecified</pose>
		<truncated>0</truncated>
		<difficult>0</difficult>
		<bndbox>
			<xmin>138</xmin>
			<ymin>200</ymin>
			<xmax>2056</xmax>
			<ymax>2900</ymax>
		</bndbox>
	</object>
</annotation>
