<annotation>
	<folder>Squirrel</folder>
	<filename>311.jpg</filename>
	<path>D:\MyStuffs\MyScripts\AI\Yolo_SSD\DataSet\Squirrel\311.jpg</path>
	<source>
		<database>Unknown</database>
	</source>
	<size>
		<width>682</width>
		<height>1024</height>
		<depth>3</depth>
	</size>
	<segmented>0</segmented>
	<object>
		<name>squirrel</name>
		<pose>Unspecified</pose>
		<truncated>0</truncated>
		<difficult>0</difficult>
		<bndbox>
			<xmin>146</xmin>
			<ymin>183</ymin>
			<xmax>597</xmax>
			<ymax>630</ymax>
		</bndbox>
	</object>
</annotation>
