<annotation>
	<folder>Squirrel</folder>
	<filename>318.jpg</filename>
	<path>D:\MyStuffs\MyScripts\AI\Yolo_SSD\DataSet\Squirrel\318.jpg</path>
	<source>
		<database>Unknown</database>
	</source>
	<size>
		<width>488</width>
		<height>349</height>
		<depth>3</depth>
	</size>
	<segmented>0</segmented>
	<object>
		<name>squirrel</name>
		<pose>Unspecified</pose>
		<truncated>1</truncated>
		<difficult>0</difficult>
		<bndbox>
			<xmin>1</xmin>
			<ymin>156</ymin>
			<xmax>278</xmax>
			<ymax>341</ymax>
		</bndbox>
	</object>
	<object>
		<name>squirrel</name>
		<pose>Unspecified</pose>
		<truncated>1</truncated>
		<difficult>0</difficult>
		<bndbox>
			<xmin>222</xmin>
			<ymin>1</ymin>
			<xmax>381</xmax>
			<ymax>322</ymax>
		</bndbox>
	</object>
</annotation>
