<annotation>
	<folder>Squirrel</folder>
	<filename>33.jpg</filename>
	<path>D:\MyStuffs\MyScripts\AI\Yolo_SSD\DataSet\Squirrel\33.jpg</path>
	<source>
		<database>Unknown</database>
	</source>
	<size>
		<width>220</width>
		<height>142</height>
		<depth>3</depth>
	</size>
	<segmented>0</segmented>
	<object>
		<name>squirrel</name>
		<pose>Unspecified</pose>
		<truncated>0</truncated>
		<difficult>0</difficult>
		<bndbox>
			<xmin>25</xmin>
			<ymin>33</ymin>
			<xmax>209</xmax>
			<ymax>103</ymax>
		</bndbox>
	</object>
</annotation>
