<annotation>
	<folder>Squirrel</folder>
	<filename>330.jpg</filename>
	<path>D:\MyStuffs\MyScripts\AI\Yolo_SSD\DataSet\Squirrel\330.jpg</path>
	<source>
		<database>Unknown</database>
	</source>
	<size>
		<width>1914</width>
		<height>2552</height>
		<depth>3</depth>
	</size>
	<segmented>0</segmented>
	<object>
		<name>squirrel</name>
		<pose>Unspecified</pose>
		<truncated>0</truncated>
		<difficult>0</difficult>
		<bndbox>
			<xmin>335</xmin>
			<ymin>459</ymin>
			<xmax>1743</xmax>
			<ymax>2316</ymax>
		</bndbox>
	</object>
</annotation>
