<annotation>
	<folder>Squirrel</folder>
	<filename>357.jpg</filename>
	<path>D:\MyStuffs\MyScripts\AI\Yolo_SSD\DataSet\Squirrel\357.jpg</path>
	<source>
		<database>Unknown</database>
	</source>
	<size>
		<width>559</width>
		<height>326</height>
		<depth>3</depth>
	</size>
	<segmented>0</segmented>
	<object>
		<name>squirrel</name>
		<pose>Unspecified</pose>
		<truncated>1</truncated>
		<difficult>0</difficult>
		<bndbox>
			<xmin>152</xmin>
			<ymin>67</ymin>
			<xmax>559</xmax>
			<ymax>270</ymax>
		</bndbox>
	</object>
</annotation>
