<annotation>
	<folder>Squirrel</folder>
	<filename>36.jpg</filename>
	<path>D:\MyStuffs\MyScripts\AI\Yolo_SSD\DataSet\Squirrel\36.jpg</path>
	<source>
		<database>Unknown</database>
	</source>
	<size>
		<width>1552</width>
		<height>873</height>
		<depth>3</depth>
	</size>
	<segmented>0</segmented>
	<object>
		<name>squirrel</name>
		<pose>Unspecified</pose>
		<truncated>0</truncated>
		<difficult>0</difficult>
		<bndbox>
			<xmin>549</xmin>
			<ymin>35</ymin>
			<xmax>1324</xmax>
			<ymax>860</ymax>
		</bndbox>
	</object>
</annotation>
