<annotation>
	<folder>Squirrel</folder>
	<filename>364.jpg</filename>
	<path>D:\MyStuffs\MyScripts\AI\Yolo_SSD\DataSet\Squirrel\364.jpg</path>
	<source>
		<database>Unknown</database>
	</source>
	<size>
		<width>698</width>
		<height>300</height>
		<depth>3</depth>
	</size>
	<segmented>0</segmented>
	<object>
		<name>squirrel</name>
		<pose>Unspecified</pose>
		<truncated>0</truncated>
		<difficult>0</difficult>
		<bndbox>
			<xmin>61</xmin>
			<ymin>11</ymin>
			<xmax>526</xmax>
			<ymax>298</ymax>
		</bndbox>
	</object>
</annotation>
