<annotation>
	<folder>Squirrel</folder>
	<filename>366.gif</filename>
	<path>D:\MyStuffs\MyScripts\AI\Yolo_SSD\DataSet\Squirrel\366.gif</path>
	<source>
		<database>Unknown</database>
	</source>
	<size>
		<width>381</width>
		<height>243</height>
		<depth>1</depth>
	</size>
	<segmented>0</segmented>
	<object>
		<name>squirrel</name>
		<pose>Unspecified</pose>
		<truncated>1</truncated>
		<difficult>0</difficult>
		<bndbox>
			<xmin>68</xmin>
			<ymin>1</ymin>
			<xmax>372</xmax>
			<ymax>220</ymax>
		</bndbox>
	</object>
</annotation>
