<annotation>
	<folder>Squirrel</folder>
	<filename>367.png</filename>
	<path>D:\MyStuffs\MyScripts\AI\Yolo_SSD\DataSet\Squirrel\367.png</path>
	<source>
		<database>Unknown</database>
	</source>
	<size>
		<width>610</width>
		<height>405</height>
		<depth>3</depth>
	</size>
	<segmented>0</segmented>
	<object>
		<name>squirrel</name>
		<pose>Unspecified</pose>
		<truncated>0</truncated>
		<difficult>0</difficult>
		<bndbox>
			<xmin>156</xmin>
			<ymin>53</ymin>
			<xmax>478</xmax>
			<ymax>383</ymax>
		</bndbox>
	</object>
</annotation>
