<annotation>
	<folder>Squirrel</folder>
	<filename>369.jpg</filename>
	<path>D:\MyStuffs\MyScripts\AI\Yolo_SSD\DataSet\Squirrel\369.jpg</path>
	<source>
		<database>Unknown</database>
	</source>
	<size>
		<width>1251</width>
		<height>838</height>
		<depth>3</depth>
	</size>
	<segmented>0</segmented>
	<object>
		<name>squirrel</name>
		<pose>Unspecified</pose>
		<truncated>0</truncated>
		<difficult>0</difficult>
		<bndbox>
			<xmin>353</xmin>
			<ymin>255</ymin>
			<xmax>1192</xmax>
			<ymax>609</ymax>
		</bndbox>
	</object>
</annotation>
