<annotation>
	<folder>Squirrel</folder>
	<filename>37.jpeg</filename>
	<path>D:\MyStuffs\MyScripts\AI\Yolo_SSD\DataSet\Squirrel\37.jpeg</path>
	<source>
		<database>Unknown</database>
	</source>
	<size>
		<width>3913</width>
		<height>2426</height>
		<depth>3</depth>
	</size>
	<segmented>0</segmented>
	<object>
		<name>squirrel</name>
		<pose>Unspecified</pose>
		<truncated>0</truncated>
		<difficult>0</difficult>
		<bndbox>
			<xmin>462</xmin>
			<ymin>522</ymin>
			<xmax>3103</xmax>
			<ymax>2075</ymax>
		</bndbox>
	</object>
</annotation>
