<annotation>
	<folder>Squirrel</folder>
	<filename>371.jpg</filename>
	<path>D:\MyStuffs\MyScripts\AI\Yolo_SSD\DataSet\Squirrel\371.jpg</path>
	<source>
		<database>Unknown</database>
	</source>
	<size>
		<width>575</width>
		<height>600</height>
		<depth>3</depth>
	</size>
	<segmented>0</segmented>
	<object>
		<name>squirrel</name>
		<pose>Unspecified</pose>
		<truncated>0</truncated>
		<difficult>0</difficult>
		<bndbox>
			<xmin>19</xmin>
			<ymin>32</ymin>
			<xmax>545</xmax>
			<ymax>593</ymax>
		</bndbox>
	</object>
</annotation>
