<annotation>
	<folder>Squirrel</folder>
	<filename>384.jpg</filename>
	<path>D:\MyStuffs\MyScripts\AI\Yolo_SSD\DataSet\Squirrel\384.jpg</path>
	<source>
		<database>Unknown</database>
	</source>
	<size>
		<width>1220</width>
		<height>693</height>
		<depth>3</depth>
	</size>
	<segmented>0</segmented>
	<object>
		<name>squirrel</name>
		<pose>Unspecified</pose>
		<truncated>0</truncated>
		<difficult>0</difficult>
		<bndbox>
			<xmin>219</xmin>
			<ymin>116</ymin>
			<xmax>963</xmax>
			<ymax>434</ymax>
		</bndbox>
	</object>
</annotation>
