<annotation>
	<folder>Squirrel</folder>
	<filename>393.jpg</filename>
	<path>D:\MyStuffs\MyScripts\AI\Yolo_SSD\DataSet\Squirrel\393.jpg</path>
	<source>
		<database>Unknown</database>
	</source>
	<size>
		<width>2963</width>
		<height>2851</height>
		<depth>3</depth>
	</size>
	<segmented>0</segmented>
	<object>
		<name>squirrel</name>
		<pose>Unspecified</pose>
		<truncated>0</truncated>
		<difficult>0</difficult>
		<bndbox>
			<xmin>746</xmin>
			<ymin>253</ymin>
			<xmax>2063</xmax>
			<ymax>1966</ymax>
		</bndbox>
	</object>
</annotation>
