<annotation>
	<folder>Squirrel</folder>
	<filename>395.jpg</filename>
	<path>D:\MyStuffs\MyScripts\AI\Yolo_SSD\DataSet\Squirrel\395.jpg</path>
	<source>
		<database>Unknown</database>
	</source>
	<size>
		<width>838</width>
		<height>559</height>
		<depth>3</depth>
	</size>
	<segmented>0</segmented>
	<object>
		<name>squirrel</name>
		<pose>Unspecified</pose>
		<truncated>0</truncated>
		<difficult>0</difficult>
		<bndbox>
			<xmin>261</xmin>
			<ymin>131</ymin>
			<xmax>486</xmax>
			<ymax>506</ymax>
		</bndbox>
	</object>
</annotation>
