<annotation>
	<folder>Squirrel</folder>
	<filename>40.jpg</filename>
	<path>D:\MyStuffs\MyScripts\AI\Yolo_SSD\DataSet\Squirrel\40.jpg</path>
	<source>
		<database>Unknown</database>
	</source>
	<size>
		<width>800</width>
		<height>453</height>
		<depth>3</depth>
	</size>
	<segmented>0</segmented>
	<object>
		<name>squirrel</name>
		<pose>Unspecified</pose>
		<truncated>0</truncated>
		<difficult>0</difficult>
		<bndbox>
			<xmin>172</xmin>
			<ymin>29</ymin>
			<xmax>742</xmax>
			<ymax>382</ymax>
		</bndbox>
	</object>
</annotation>
