<annotation>
	<folder>Squirrel</folder>
	<filename>405.jpg</filename>
	<path>D:\MyStuffs\MyScripts\AI\Yolo_SSD\DataSet\Squirrel\405.jpg</path>
	<source>
		<database>Unknown</database>
	</source>
	<size>
		<width>1142</width>
		<height>962</height>
		<depth>3</depth>
	</size>
	<segmented>0</segmented>
	<object>
		<name>squirrel</name>
		<pose>Unspecified</pose>
		<truncated>0</truncated>
		<difficult>0</difficult>
		<bndbox>
			<xmin>110</xmin>
			<ymin>188</ymin>
			<xmax>637</xmax>
			<ymax>851</ymax>
		</bndbox>
	</object>
</annotation>
