<annotation>
	<folder>Squirrel</folder>
	<filename>406.jpg</filename>
	<path>D:\MyStuffs\MyScripts\AI\Yolo_SSD\DataSet\Squirrel\406.jpg</path>
	<source>
		<database>Unknown</database>
	</source>
	<size>
		<width>725</width>
		<height>481</height>
		<depth>3</depth>
	</size>
	<segmented>0</segmented>
	<object>
		<name>squirrel</name>
		<pose>Unspecified</pose>
		<truncated>0</truncated>
		<difficult>0</difficult>
		<bndbox>
			<xmin>211</xmin>
			<ymin>23</ymin>
			<xmax>647</xmax>
			<ymax>441</ymax>
		</bndbox>
	</object>
</annotation>
