<annotation>
	<folder>Squirrel</folder>
	<filename>408.jpg</filename>
	<path>D:\MyStuffs\MyScripts\AI\Yolo_SSD\DataSet\Squirrel\408.jpg</path>
	<source>
		<database>Unknown</database>
	</source>
	<size>
		<width>733</width>
		<height>521</height>
		<depth>3</depth>
	</size>
	<segmented>0</segmented>
	<object>
		<name>squirrel</name>
		<pose>Unspecified</pose>
		<truncated>0</truncated>
		<difficult>0</difficult>
		<bndbox>
			<xmin>85</xmin>
			<ymin>62</ymin>
			<xmax>621</xmax>
			<ymax>415</ymax>
		</bndbox>
	</object>
</annotation>
