<annotation>
	<folder>Squirrel</folder>
	<filename>410.jpg</filename>
	<path>D:\MyStuffs\MyScripts\AI\Yolo_SSD\DataSet\Squirrel\410.jpg</path>
	<source>
		<database>Unknown</database>
	</source>
	<size>
		<width>855</width>
		<height>640</height>
		<depth>3</depth>
	</size>
	<segmented>0</segmented>
	<object>
		<name>squirrel</name>
		<pose>Unspecified</pose>
		<truncated>1</truncated>
		<difficult>0</difficult>
		<bndbox>
			<xmin>1</xmin>
			<ymin>20</ymin>
			<xmax>471</xmax>
			<ymax>578</ymax>
		</bndbox>
	</object>
</annotation>
