<annotation>
	<folder>Squirrel</folder>
	<filename>419.jpg</filename>
	<path>D:\MyStuffs\MyScripts\AI\Yolo_SSD\DataSet\Squirrel\419.jpg</path>
	<source>
		<database>Unknown</database>
	</source>
	<size>
		<width>1472</width>
		<height>805</height>
		<depth>3</depth>
	</size>
	<segmented>0</segmented>
	<object>
		<name>squirrel</name>
		<pose>Unspecified</pose>
		<truncated>1</truncated>
		<difficult>0</difficult>
		<bndbox>
			<xmin>368</xmin>
			<ymin>56</ymin>
			<xmax>1182</xmax>
			<ymax>805</ymax>
		</bndbox>
	</object>
	<object>
		<name>squirrel</name>
		<pose>Unspecified</pose>
		<truncated>0</truncated>
		<difficult>0</difficult>
		<bndbox>
			<xmin>181</xmin>
			<ymin>260</ymin>
			<xmax>646</xmax>
			<ymax>712</ymax>
		</bndbox>
	</object>
	<object>
		<name>squirrel</name>
		<pose>Unspecified</pose>
		<truncated>0</truncated>
		<difficult>0</difficult>
		<bndbox>
			<xmin>901</xmin>
			<ymin>273</ymin>
			<xmax>1464</xmax>
			<ymax>684</ymax>
		</bndbox>
	</object>
</annotation>
