<annotation>
	<folder>Squirrel</folder>
	<filename>420.jpg</filename>
	<path>D:\MyStuffs\MyScripts\AI\Yolo_SSD\DataSet\Squirrel\420.jpg</path>
	<source>
		<database>Unknown</database>
	</source>
	<size>
		<width>775</width>
		<height>515</height>
		<depth>3</depth>
	</size>
	<segmented>0</segmented>
	<object>
		<name>squirrel</name>
		<pose>Unspecified</pose>
		<truncated>1</truncated>
		<difficult>0</difficult>
		<bndbox>
			<xmin>1</xmin>
			<ymin>65</ymin>
			<xmax>638</xmax>
			<ymax>508</ymax>
		</bndbox>
	</object>
</annotation>
