<annotation>
	<folder>Squirrel</folder>
	<filename>427.jpg</filename>
	<path>D:\MyStuffs\MyScripts\AI\Yolo_SSD\DataSet\Squirrel\427.jpg</path>
	<source>
		<database>Unknown</database>
	</source>
	<size>
		<width>2800</width>
		<height>1867</height>
		<depth>3</depth>
	</size>
	<segmented>0</segmented>
	<object>
		<name>squirrel</name>
		<pose>Unspecified</pose>
		<truncated>0</truncated>
		<difficult>0</difficult>
		<bndbox>
			<xmin>712</xmin>
			<ymin>147</ymin>
			<xmax>2258</xmax>
			<ymax>1677</ymax>
		</bndbox>
	</object>
</annotation>
