<annotation>
	<folder>Squirrel</folder>
	<filename>434.jpg</filename>
	<path>D:\MyStuffs\MyScripts\AI\Yolo_SSD\DataSet\Squirrel\434.jpg</path>
	<source>
		<database>Unknown</database>
	</source>
	<size>
		<width>585</width>
		<height>246</height>
		<depth>3</depth>
	</size>
	<segmented>0</segmented>
	<object>
		<name>squirrel</name>
		<pose>Unspecified</pose>
		<truncated>0</truncated>
		<difficult>0</difficult>
		<bndbox>
			<xmin>280</xmin>
			<ymin>28</ymin>
			<xmax>459</xmax>
			<ymax>245</ymax>
		</bndbox>
	</object>
</annotation>
