<annotation>
	<folder>Squirrel</folder>
	<filename>435.png</filename>
	<path>D:\MyStuffs\MyScripts\AI\Yolo_SSD\DataSet\Squirrel\435.png</path>
	<source>
		<database>Unknown</database>
	</source>
	<size>
		<width>314</width>
		<height>341</height>
		<depth>3</depth>
	</size>
	<segmented>0</segmented>
	<object>
		<name>squirrel</name>
		<pose>Unspecified</pose>
		<truncated>0</truncated>
		<difficult>0</difficult>
		<bndbox>
			<xmin>20</xmin>
			<ymin>11</ymin>
			<xmax>292</xmax>
			<ymax>324</ymax>
		</bndbox>
	</object>
</annotation>
