<annotation>
	<folder>Squirrel</folder>
	<filename>438.png</filename>
	<path>D:\MyStuffs\MyScripts\AI\Yolo_SSD\DataSet\Squirrel\438.png</path>
	<source>
		<database>Unknown</database>
	</source>
	<size>
		<width>152</width>
		<height>212</height>
		<depth>3</depth>
	</size>
	<segmented>0</segmented>
	<object>
		<name>squirrel</name>
		<pose>Unspecified</pose>
		<truncated>1</truncated>
		<difficult>0</difficult>
		<bndbox>
			<xmin>7</xmin>
			<ymin>3</ymin>
			<xmax>144</xmax>
			<ymax>212</ymax>
		</bndbox>
	</object>
</annotation>
