<annotation>
	<folder>Squirrel</folder>
	<filename>439.jpg</filename>
	<path>D:\MyStuffs\MyScripts\AI\Yolo_SSD\DataSet\Squirrel\439.jpg</path>
	<source>
		<database>Unknown</database>
	</source>
	<size>
		<width>858</width>
		<height>536</height>
		<depth>3</depth>
	</size>
	<segmented>0</segmented>
	<object>
		<name>squirrel</name>
		<pose>Unspecified</pose>
		<truncated>0</truncated>
		<difficult>0</difficult>
		<bndbox>
			<xmin>236</xmin>
			<ymin>61</ymin>
			<xmax>720</xmax>
			<ymax>500</ymax>
		</bndbox>
	</object>
</annotation>
