<annotation>
	<folder>Squirrel</folder>
	<filename>443.jpg</filename>
	<path>D:\MyStuffs\MyScripts\AI\Yolo_SSD\DataSet\Squirrel\443.jpg</path>
	<source>
		<database>Unknown</database>
	</source>
	<size>
		<width>327</width>
		<height>264</height>
		<depth>1</depth>
	</size>
	<segmented>0</segmented>
	<object>
		<name>squirrel</name>
		<pose>Unspecified</pose>
		<truncated>0</truncated>
		<difficult>0</difficult>
		<bndbox>
			<xmin>32</xmin>
			<ymin>27</ymin>
			<xmax>276</xmax>
			<ymax>241</ymax>
		</bndbox>
	</object>
</annotation>
