<annotation>
	<folder>Squirrel</folder>
	<filename>445.jpg</filename>
	<path>D:\MyStuffs\MyScripts\AI\Yolo_SSD\DataSet\Squirrel\445.jpg</path>
	<source>
		<database>Unknown</database>
	</source>
	<size>
		<width>663</width>
		<height>960</height>
		<depth>3</depth>
	</size>
	<segmented>0</segmented>
	<object>
		<name>squirrel</name>
		<pose>Unspecified</pose>
		<truncated>0</truncated>
		<difficult>0</difficult>
		<bndbox>
			<xmin>162</xmin>
			<ymin>136</ymin>
			<xmax>502</xmax>
			<ymax>709</ymax>
		</bndbox>
	</object>
</annotation>
