<annotation>
	<folder>Squirrel</folder>
	<filename>450.jpg</filename>
	<path>D:\MyStuffs\MyScripts\AI\Yolo_SSD\DataSet\Squirrel\450.jpg</path>
	<source>
		<database>Unknown</database>
	</source>
	<size>
		<width>716</width>
		<height>480</height>
		<depth>3</depth>
	</size>
	<segmented>0</segmented>
	<object>
		<name>squirrel</name>
		<pose>Unspecified</pose>
		<truncated>0</truncated>
		<difficult>0</difficult>
		<bndbox>
			<xmin>225</xmin>
			<ymin>126</ymin>
			<xmax>580</xmax>
			<ymax>309</ymax>
		</bndbox>
	</object>
</annotation>
