<annotation>
	<folder>Squirrel</folder>
	<filename>457.jpg</filename>
	<path>D:\MyStuffs\MyScripts\AI\Yolo_SSD\DataSet\Squirrel\457.jpg</path>
	<source>
		<database>Unknown</database>
	</source>
	<size>
		<width>393</width>
		<height>393</height>
		<depth>3</depth>
	</size>
	<segmented>0</segmented>
	<object>
		<name>squirrel</name>
		<pose>Unspecified</pose>
		<truncated>0</truncated>
		<difficult>0</difficult>
		<bndbox>
			<xmin>144</xmin>
			<ymin>120</ymin>
			<xmax>330</xmax>
			<ymax>346</ymax>
		</bndbox>
	</object>
</annotation>
