<annotation>
	<folder>Squirrel</folder>
	<filename>466.jpg</filename>
	<path>D:\MyStuffs\MyScripts\AI\Yolo_SSD\DataSet\Squirrel\466.jpg</path>
	<source>
		<database>Unknown</database>
	</source>
	<size>
		<width>355</width>
		<height>355</height>
		<depth>3</depth>
	</size>
	<segmented>0</segmented>
	<object>
		<name>squirrel</name>
		<pose>Unspecified</pose>
		<truncated>0</truncated>
		<difficult>0</difficult>
		<bndbox>
			<xmin>127</xmin>
			<ymin>7</ymin>
			<xmax>240</xmax>
			<ymax>348</ymax>
		</bndbox>
	</object>
</annotation>
