<annotation>
	<folder>Squirrel</folder>
	<filename>472.jpg</filename>
	<path>D:\MyStuffs\MyScripts\AI\Yolo_SSD\DataSet\Squirrel\472.jpg</path>
	<source>
		<database>Unknown</database>
	</source>
	<size>
		<width>915</width>
		<height>656</height>
		<depth>3</depth>
	</size>
	<segmented>0</segmented>
	<object>
		<name>squirrel</name>
		<pose>Unspecified</pose>
		<truncated>0</truncated>
		<difficult>0</difficult>
		<bndbox>
			<xmin>160</xmin>
			<ymin>181</ymin>
			<xmax>347</xmax>
			<ymax>582</ymax>
		</bndbox>
	</object>
	<object>
		<name>squirrel</name>
		<pose>Unspecified</pose>
		<truncated>1</truncated>
		<difficult>0</difficult>
		<bndbox>
			<xmin>515</xmin>
			<ymin>136</ymin>
			<xmax>915</xmax>
			<ymax>624</ymax>
		</bndbox>
	</object>
</annotation>
