<annotation>
	<folder>Squirrel</folder>
	<filename>481.jpg</filename>
	<path>D:\MyStuffs\MyScripts\AI\Yolo_SSD\DataSet\Squirrel\481.jpg</path>
	<source>
		<database>Unknown</database>
	</source>
	<size>
		<width>1107</width>
		<height>724</height>
		<depth>3</depth>
	</size>
	<segmented>0</segmented>
	<object>
		<name>squirrel</name>
		<pose>Unspecified</pose>
		<truncated>0</truncated>
		<difficult>0</difficult>
		<bndbox>
			<xmin>163</xmin>
			<ymin>105</ymin>
			<xmax>892</xmax>
			<ymax>671</ymax>
		</bndbox>
	</object>
</annotation>
