<annotation>
	<folder>Squirrel</folder>
	<filename>489.jpg</filename>
	<path>D:\MyStuffs\MyScripts\AI\Yolo_SSD\DataSet\Squirrel\489.jpg</path>
	<source>
		<database>Unknown</database>
	</source>
	<size>
		<width>838</width>
		<height>559</height>
		<depth>3</depth>
	</size>
	<segmented>0</segmented>
	<object>
		<name>squirrel</name>
		<pose>Unspecified</pose>
		<truncated>0</truncated>
		<difficult>0</difficult>
		<bndbox>
			<xmin>84</xmin>
			<ymin>94</ymin>
			<xmax>629</xmax>
			<ymax>510</ymax>
		</bndbox>
	</object>
</annotation>
