<annotation>
	<folder>Squirrel</folder>
	<filename>490.jpeg</filename>
	<path>D:\MyStuffs\MyScripts\AI\Yolo_SSD\DataSet\Squirrel\490.jpeg</path>
	<source>
		<database>Unknown</database>
	</source>
	<size>
		<width>966</width>
		<height>725</height>
		<depth>3</depth>
	</size>
	<segmented>0</segmented>
	<object>
		<name>squirrel</name>
		<pose>Unspecified</pose>
		<truncated>0</truncated>
		<difficult>0</difficult>
		<bndbox>
			<xmin>155</xmin>
			<ymin>76</ymin>
			<xmax>855</xmax>
			<ymax>694</ymax>
		</bndbox>
	</object>
	<object>
		<name>squirrel</name>
		<pose>Unspecified</pose>
		<truncated>0</truncated>
		<difficult>0</difficult>
		<bndbox>
			<xmin>245</xmin>
			<ymin>261</ymin>
			<xmax>704</xmax>
			<ymax>650</ymax>
		</bndbox>
	</object>
</annotation>
