<annotation>
	<folder>Squirrel</folder>
	<filename>491.jpeg</filename>
	<path>D:\MyStuffs\MyScripts\AI\Yolo_SSD\DataSet\Squirrel\491.jpeg</path>
	<source>
		<database>Unknown</database>
	</source>
	<size>
		<width>680</width>
		<height>453</height>
		<depth>3</depth>
	</size>
	<segmented>0</segmented>
	<object>
		<name>squirrel</name>
		<pose>Unspecified</pose>
		<truncated>0</truncated>
		<difficult>0</difficult>
		<bndbox>
			<xmin>108</xmin>
			<ymin>54</ymin>
			<xmax>362</xmax>
			<ymax>442</ymax>
		</bndbox>
	</object>
</annotation>
