<annotation>
	<folder>Squirrel</folder>
	<filename>494.jpg</filename>
	<path>D:\MyStuffs\MyScripts\AI\Yolo_SSD\DataSet\Squirrel\494.jpg</path>
	<source>
		<database>Unknown</database>
	</source>
	<size>
		<width>630</width>
		<height>416</height>
		<depth>3</depth>
	</size>
	<segmented>0</segmented>
	<object>
		<name>squirrel</name>
		<pose>Unspecified</pose>
		<truncated>0</truncated>
		<difficult>0</difficult>
		<bndbox>
			<xmin>273</xmin>
			<ymin>169</ymin>
			<xmax>597</xmax>
			<ymax>372</ymax>
		</bndbox>
	</object>
	<object>
		<name>squirrel</name>
		<pose>Unspecified</pose>
		<truncated>0</truncated>
		<difficult>0</difficult>
		<bndbox>
			<xmin>344</xmin>
			<ymin>66</ymin>
			<xmax>593</xmax>
			<ymax>206</ymax>
		</bndbox>
	</object>
	<object>
		<name>squirrel</name>
		<pose>Unspecified</pose>
		<truncated>1</truncated>
		<difficult>0</difficult>
		<bndbox>
			<xmin>1</xmin>
			<ymin>118</ymin>
			<xmax>205</xmax>
			<ymax>346</ymax>
		</bndbox>
	</object>
</annotation>
