<annotation>
	<folder>Squirrel</folder>
	<filename>495.jpg</filename>
	<path>D:\MyStuffs\MyScripts\AI\Yolo_SSD\DataSet\Squirrel\495.jpg</path>
	<source>
		<database>Unknown</database>
	</source>
	<size>
		<width>920</width>
		<height>920</height>
		<depth>3</depth>
	</size>
	<segmented>0</segmented>
	<object>
		<name>squirrel</name>
		<pose>Unspecified</pose>
		<truncated>0</truncated>
		<difficult>0</difficult>
		<bndbox>
			<xmin>322</xmin>
			<ymin>48</ymin>
			<xmax>813</xmax>
			<ymax>884</ymax>
		</bndbox>
	</object>
</annotation>
