<annotation>
	<folder>Squirrel</folder>
	<filename>518.jpg</filename>
	<path>D:\MyStuffs\MyScripts\AI\Yolo_SSD\DataSet\Squirrel\518.jpg</path>
	<source>
		<database>Unknown</database>
	</source>
	<size>
		<width>2004</width>
		<height>1448</height>
		<depth>3</depth>
	</size>
	<segmented>0</segmented>
	<object>
		<name>squirrel</name>
		<pose>Unspecified</pose>
		<truncated>0</truncated>
		<difficult>0</difficult>
		<bndbox>
			<xmin>158</xmin>
			<ymin>369</ymin>
			<xmax>1846</xmax>
			<ymax>1063</ymax>
		</bndbox>
	</object>
</annotation>
