<annotation>
	<folder>Squirrel</folder>
	<filename>56.jpg</filename>
	<path>D:\MyStuffs\MyScripts\AI\Yolo_SSD\DataSet\Squirrel\56.jpg</path>
	<source>
		<database>Unknown</database>
	</source>
	<size>
		<width>907</width>
		<height>509</height>
		<depth>3</depth>
	</size>
	<segmented>0</segmented>
	<object>
		<name>squirrel</name>
		<pose>Unspecified</pose>
		<truncated>0</truncated>
		<difficult>0</difficult>
		<bndbox>
			<xmin>83</xmin>
			<ymin>229</ymin>
			<xmax>478</xmax>
			<ymax>368</ymax>
		</bndbox>
	</object>
</annotation>
