<annotation>
	<folder>Squirrel</folder>
	<filename>63.jpg</filename>
	<path>D:\MyStuffs\MyScripts\AI\Yolo_SSD\DataSet\Squirrel\63.jpg</path>
	<source>
		<database>Unknown</database>
	</source>
	<size>
		<width>4200</width>
		<height>2700</height>
		<depth>3</depth>
	</size>
	<segmented>0</segmented>
	<object>
		<name>squirrel</name>
		<pose>Unspecified</pose>
		<truncated>0</truncated>
		<difficult>0</difficult>
		<bndbox>
			<xmin>437</xmin>
			<ymin>409</ymin>
			<xmax>2562</xmax>
			<ymax>2240</ymax>
		</bndbox>
	</object>
</annotation>
