<annotation>
	<folder>Squirrel</folder>
	<filename>64.jpg</filename>
	<path>D:\MyStuffs\MyScripts\AI\Yolo_SSD\DataSet\Squirrel\64.jpg</path>
	<source>
		<database>Unknown</database>
	</source>
	<size>
		<width>804</width>
		<height>479</height>
		<depth>3</depth>
	</size>
	<segmented>0</segmented>
	<object>
		<name>squirrel</name>
		<pose>Unspecified</pose>
		<truncated>0</truncated>
		<difficult>0</difficult>
		<bndbox>
			<xmin>70</xmin>
			<ymin>69</ymin>
			<xmax>676</xmax>
			<ymax>437</ymax>
		</bndbox>
	</object>
</annotation>
