<annotation>
	<folder>Squirrel</folder>
	<filename>67.jpg</filename>
	<path>D:\MyStuffs\MyScripts\AI\Yolo_SSD\DataSet\Squirrel\67.jpg</path>
	<source>
		<database>Unknown</database>
	</source>
	<size>
		<width>722</width>
		<height>340</height>
		<depth>3</depth>
	</size>
	<segmented>0</segmented>
	<object>
		<name>squirrel</name>
		<pose>Unspecified</pose>
		<truncated>1</truncated>
		<difficult>0</difficult>
		<bndbox>
			<xmin>59</xmin>
			<ymin>66</ymin>
			<xmax>600</xmax>
			<ymax>340</ymax>
		</bndbox>
	</object>
</annotation>
