<annotation>
	<folder>Squirrel</folder>
	<filename>68.png</filename>
	<path>D:\MyStuffs\MyScripts\AI\Yolo_SSD\DataSet\Squirrel\68.png</path>
	<source>
		<database>Unknown</database>
	</source>
	<size>
		<width>715</width>
		<height>350</height>
		<depth>3</depth>
	</size>
	<segmented>0</segmented>
	<object>
		<name>squirrel</name>
		<pose>Unspecified</pose>
		<truncated>1</truncated>
		<difficult>0</difficult>
		<bndbox>
			<xmin>1</xmin>
			<ymin>46</ymin>
			<xmax>411</xmax>
			<ymax>288</ymax>
		</bndbox>
	</object>
</annotation>
