<annotation>
	<folder>Squirrel</folder>
	<filename>718.jpg</filename>
	<path>D:\MyStuffs\MyScripts\AI\Yolo_SSD\DataSet\Squirrel\718.jpg</path>
	<source>
		<database>Unknown</database>
	</source>
	<size>
		<width>930</width>
		<height>1086</height>
		<depth>3</depth>
	</size>
	<segmented>0</segmented>
	<object>
		<name>squirrel</name>
		<pose>Unspecified</pose>
		<truncated>0</truncated>
		<difficult>0</difficult>
		<bndbox>
			<xmin>96</xmin>
			<ymin>367</ymin>
			<xmax>515</xmax>
			<ymax>887</ymax>
		</bndbox>
	</object>
	<object>
		<name>squirrel</name>
		<pose>Unspecified</pose>
		<truncated>0</truncated>
		<difficult>0</difficult>
		<bndbox>
			<xmin>436</xmin>
			<ymin>376</ymin>
			<xmax>824</xmax>
			<ymax>1014</ymax>
		</bndbox>
	</object>
</annotation>
