<annotation>
	<folder>Squirrel</folder>
	<filename>732.jpg</filename>
	<path>D:\MyStuffs\MyScripts\AI\Yolo_SSD\DataSet\Squirrel\732.jpg</path>
	<source>
		<database>Unknown</database>
	</source>
	<size>
		<width>750</width>
		<height>753</height>
		<depth>1</depth>
	</size>
	<segmented>0</segmented>
	<object>
		<name>squirrel</name>
		<pose>Unspecified</pose>
		<truncated>0</truncated>
		<difficult>0</difficult>
		<bndbox>
			<xmin>48</xmin>
			<ymin>60</ymin>
			<xmax>575</xmax>
			<ymax>685</ymax>
		</bndbox>
	</object>
</annotation>
