<annotation>
	<folder>Squirrel</folder>
	<filename>741.jpg</filename>
	<path>D:\MyStuffs\MyScripts\AI\Yolo_SSD\DataSet\Squirrel\741.jpg</path>
	<source>
		<database>Unknown</database>
	</source>
	<size>
		<width>1534</width>
		<height>2045</height>
		<depth>3</depth>
	</size>
	<segmented>0</segmented>
	<object>
		<name>squirrel</name>
		<pose>Unspecified</pose>
		<truncated>0</truncated>
		<difficult>0</difficult>
		<bndbox>
			<xmin>143</xmin>
			<ymin>552</ymin>
			<xmax>1415</xmax>
			<ymax>1638</ymax>
		</bndbox>
	</object>
</annotation>
