<annotation>
	<folder>Squirrel</folder>
	<filename>742.jpg</filename>
	<path>D:\MyStuffs\MyScripts\AI\Yolo_SSD\DataSet\Squirrel\742.jpg</path>
	<source>
		<database>Unknown</database>
	</source>
	<size>
		<width>1628</width>
		<height>1256</height>
		<depth>3</depth>
	</size>
	<segmented>0</segmented>
	<object>
		<name>squirrel</name>
		<pose>Unspecified</pose>
		<truncated>0</truncated>
		<difficult>0</difficult>
		<bndbox>
			<xmin>165</xmin>
			<ymin>158</ymin>
			<xmax>1272</xmax>
			<ymax>1112</ymax>
		</bndbox>
	</object>
</annotation>
