<annotation>
	<folder>Squirrel</folder>
	<filename>75.jpg</filename>
	<path>D:\MyStuffs\MyScripts\AI\Yolo_SSD\DataSet\Squirrel\75.jpg</path>
	<source>
		<database>Unknown</database>
	</source>
	<size>
		<width>426</width>
		<height>240</height>
		<depth>3</depth>
	</size>
	<segmented>0</segmented>
	<object>
		<name>squirrel</name>
		<pose>Unspecified</pose>
		<truncated>1</truncated>
		<difficult>0</difficult>
		<bndbox>
			<xmin>217</xmin>
			<ymin>81</ymin>
			<xmax>410</xmax>
			<ymax>240</ymax>
		</bndbox>
	</object>
	<object>
		<name>squirrel</name>
		<pose>Unspecified</pose>
		<truncated>1</truncated>
		<difficult>0</difficult>
		<bndbox>
			<xmin>8</xmin>
			<ymin>1</ymin>
			<xmax>256</xmax>
			<ymax>228</ymax>
		</bndbox>
	</object>
</annotation>
