<annotation>
	<folder>Squirrel</folder>
	<filename>755.jpg</filename>
	<path>D:\MyStuffs\MyScripts\AI\Yolo_SSD\DataSet\Squirrel\755.jpg</path>
	<source>
		<database>Unknown</database>
	</source>
	<size>
		<width>1094</width>
		<height>1072</height>
		<depth>3</depth>
	</size>
	<segmented>0</segmented>
	<object>
		<name>squirrel</name>
		<pose>Unspecified</pose>
		<truncated>0</truncated>
		<difficult>0</difficult>
		<bndbox>
			<xmin>25</xmin>
			<ymin>107</ymin>
			<xmax>942</xmax>
			<ymax>905</ymax>
		</bndbox>
	</object>
</annotation>
