<annotation>
	<folder>Squirrel</folder>
	<filename>760.jpg</filename>
	<path>D:\MyStuffs\MyScripts\AI\Yolo_SSD\DataSet\Squirrel\760.jpg</path>
	<source>
		<database>Unknown</database>
	</source>
	<size>
		<width>1616</width>
		<height>1616</height>
		<depth>3</depth>
	</size>
	<segmented>0</segmented>
	<object>
		<name>squirrel</name>
		<pose>Unspecified</pose>
		<truncated>0</truncated>
		<difficult>0</difficult>
		<bndbox>
			<xmin>198</xmin>
			<ymin>137</ymin>
			<xmax>1534</xmax>
			<ymax>1399</ymax>
		</bndbox>
	</object>
</annotation>
